{
    "signature": "JITFunction(triton_gemm:matmul_kernel)",
<<<<<<< HEAD:scripts/gemm_data_bao_lhs_10_stop_power_of_two_3/dejavu_0.7/triton_3.2.0/cuda_12.4/gpu_Tesla_V100-PCIE-16GB/matmul_kernel/autotune_config-356e536ec49f15d95d2a2610df8277796c9330d647b924736ed5c106312d4227/code_version-789fa2aba3d1e1670659de1dc96e16e252ac816c5caa831e120ddd57a9614a1b/tune_features-5fe14b37848101e1cf2ba0eee1e261d27fb3b1656e23a90eb767cc97be2b355a/kernel_configs-3cb3b7f5ef11d2944dc93037d314b93cb0200f1a0bf9f3b6db5e9f9f2a71f497/default/cache.json
    "total_bench_time_s": 34.16501808166504,
=======
    "total_bench_time_s": 17.64199995994568,
>>>>>>> acddcde9b81356e480165da69d4ce03d94941964:scripts/gemm_data_bao_lhs_10_stop_power_of_two/dejavu_0.7/triton_3.2.0/cuda_12.4/gpu_NVIDIA_A100-SXM4-80GB/matmul_kernel/autotune_config-356e536ec49f15d95d2a2610df8277796c9330d647b924736ed5c106312d4227/code_version-789fa2aba3d1e1670659de1dc96e16e252ac816c5caa831e120ddd57a9614a1b/tune_features-5fe14b37848101e1cf2ba0eee1e261d27fb3b1656e23a90eb767cc97be2b355a/kernel_configs-51285ee0f4ec8602eab2c1a1c3cd31df1368623ecd9e355dd9320e11d512e0ff/default/cache.json
    "total_configs": 10,
    "current_eval": {},
    "keys": [
        "M",
        "N",
        "K"
    ],
    "cache": {
<<<<<<< HEAD:scripts/gemm_data_bao_lhs_10_stop_power_of_two_3/dejavu_0.7/triton_3.2.0/cuda_12.4/gpu_Tesla_V100-PCIE-16GB/matmul_kernel/autotune_config-356e536ec49f15d95d2a2610df8277796c9330d647b924736ed5c106312d4227/code_version-789fa2aba3d1e1670659de1dc96e16e252ac816c5caa831e120ddd57a9614a1b/tune_features-5fe14b37848101e1cf2ba0eee1e261d27fb3b1656e23a90eb767cc97be2b355a/kernel_configs-3cb3b7f5ef11d2944dc93037d314b93cb0200f1a0bf9f3b6db5e9f9f2a71f497/default/cache.json
        "('4', '4', '1024', 'torch.float16', 'torch.float16', 'torch.float16')": "BLOCK_SIZE_M: 64, BLOCK_SIZE_N: 32, BLOCK_SIZE_K: 128, GROUP_SIZE_M: 8, num_warps: 8, num_ctas: 1, num_stages: 3, num_buffers_warp_spec: 0, num_consumer_groups: 0, reg_dec_producer: 0, reg_inc_consumer: 0, maxnreg: None"
    },
    "timings": {
        "('4', '4', '1024', 'torch.float16', 'torch.float16', 'torch.float16')": [
            0.015725556761026382
=======
        "('4', '512', '128', 'torch.float16', 'torch.float16', 'torch.float16')": "BLOCK_SIZE_M: 32, BLOCK_SIZE_N: 64, BLOCK_SIZE_K: 32, GROUP_SIZE_M: 4, num_warps: 4, num_ctas: 1, num_stages: 3, num_buffers_warp_spec: 0, num_consumer_groups: 0, reg_dec_producer: 0, reg_inc_consumer: 0, maxnreg: None"
    },
    "timings": {
        "('4', '512', '128', 'torch.float16', 'torch.float16', 'torch.float16')": [
            0.003281415207311511
>>>>>>> acddcde9b81356e480165da69d4ce03d94941964:scripts/gemm_data_bao_lhs_10_stop_power_of_two/dejavu_0.7/triton_3.2.0/cuda_12.4/gpu_NVIDIA_A100-SXM4-80GB/matmul_kernel/autotune_config-356e536ec49f15d95d2a2610df8277796c9330d647b924736ed5c106312d4227/code_version-789fa2aba3d1e1670659de1dc96e16e252ac816c5caa831e120ddd57a9614a1b/tune_features-5fe14b37848101e1cf2ba0eee1e261d27fb3b1656e23a90eb767cc97be2b355a/kernel_configs-51285ee0f4ec8602eab2c1a1c3cd31df1368623ecd9e355dd9320e11d512e0ff/default/cache.json
        ]
    },
    "timings_data": {
        "labels": [
            "ms"
        ],
        "rep_t_ms": 100,
        "warmup_t_ms": 25,
        "cuda_graphs": true
    }
}