{
    "signature": "JITFunction(triton_gemm:matmul_kernel)",
<<<<<<< HEAD:scripts/gemm_data_bao_lhs_10_stop_power_of_two/dejavu_0.7/triton_3.2.0/cuda_12.4/gpu_Tesla_V100-PCIE-16GB/matmul_kernel/autotune_config-356e536ec49f15d95d2a2610df8277796c9330d647b924736ed5c106312d4227/code_version-789fa2aba3d1e1670659de1dc96e16e252ac816c5caa831e120ddd57a9614a1b/tune_features-5fe14b37848101e1cf2ba0eee1e261d27fb3b1656e23a90eb767cc97be2b355a/kernel_configs-75966e2070315f472f5b314a104017991a1b86d4ea0f3836b1745b696d0b57cf/default/cache.json
    "total_bench_time_s": 350.5405020713806,
=======
    "total_bench_time_s": 262.60732221603394,
>>>>>>> acddcde9b81356e480165da69d4ce03d94941964:scripts/gemm_data_bao_lhs_10_stop_power_of_two_3/dejavu_0.7/triton_3.2.0/cuda_12.4/gpu_NVIDIA_A100-SXM4-80GB/matmul_kernel/autotune_config-356e536ec49f15d95d2a2610df8277796c9330d647b924736ed5c106312d4227/code_version-789fa2aba3d1e1670659de1dc96e16e252ac816c5caa831e120ddd57a9614a1b/tune_features-5fe14b37848101e1cf2ba0eee1e261d27fb3b1656e23a90eb767cc97be2b355a/kernel_configs-dcae847b2cc380de9bfc662904017df061be7d1c3f87abf98e6c1e24452c0968/default/cache.json
    "total_configs": 10,
    "current_eval": {},
    "keys": [
        "M",
        "N",
        "K"
    ],
    "cache": {
<<<<<<< HEAD:scripts/gemm_data_bao_lhs_10_stop_power_of_two/dejavu_0.7/triton_3.2.0/cuda_12.4/gpu_Tesla_V100-PCIE-16GB/matmul_kernel/autotune_config-356e536ec49f15d95d2a2610df8277796c9330d647b924736ed5c106312d4227/code_version-789fa2aba3d1e1670659de1dc96e16e252ac816c5caa831e120ddd57a9614a1b/tune_features-5fe14b37848101e1cf2ba0eee1e261d27fb3b1656e23a90eb767cc97be2b355a/kernel_configs-75966e2070315f472f5b314a104017991a1b86d4ea0f3836b1745b696d0b57cf/default/cache.json
        "('1024', '64', '2', 'torch.float16', 'torch.float16', 'torch.float16')": "BLOCK_SIZE_M: 16, BLOCK_SIZE_N: 256, BLOCK_SIZE_K: 16, GROUP_SIZE_M: 16, num_warps: 8, num_ctas: 1, num_stages: 4, num_buffers_warp_spec: 0, num_consumer_groups: 0, reg_dec_producer: 0, reg_inc_consumer: 0, maxnreg: None"
    },
    "timings": {
        "('1024', '64', '2', 'torch.float16', 'torch.float16', 'torch.float16')": [
            0.003487891983240843
=======
        "('16', '16', '4', 'torch.float16', 'torch.float16', 'torch.float16')": "BLOCK_SIZE_M: 16, BLOCK_SIZE_N: 256, BLOCK_SIZE_K: 128, GROUP_SIZE_M: 16, num_warps: 32, num_ctas: 1, num_stages: 7, num_buffers_warp_spec: 0, num_consumer_groups: 0, reg_dec_producer: 0, reg_inc_consumer: 0, maxnreg: None"
    },
    "timings": {
        "('16', '16', '4', 'torch.float16', 'torch.float16', 'torch.float16')": [
            NaN
>>>>>>> acddcde9b81356e480165da69d4ce03d94941964:scripts/gemm_data_bao_lhs_10_stop_power_of_two_3/dejavu_0.7/triton_3.2.0/cuda_12.4/gpu_NVIDIA_A100-SXM4-80GB/matmul_kernel/autotune_config-356e536ec49f15d95d2a2610df8277796c9330d647b924736ed5c106312d4227/code_version-789fa2aba3d1e1670659de1dc96e16e252ac816c5caa831e120ddd57a9614a1b/tune_features-5fe14b37848101e1cf2ba0eee1e261d27fb3b1656e23a90eb767cc97be2b355a/kernel_configs-dcae847b2cc380de9bfc662904017df061be7d1c3f87abf98e6c1e24452c0968/default/cache.json
        ]
    },
    "timings_data": {
        "labels": [
            "ms"
        ],
        "rep_t_ms": 100,
        "warmup_t_ms": 25,
        "cuda_graphs": true
    }
}