{
    "signature": "JITFunction(triton_swiglu:fused_silu_and_mul_kernel)",
    "total_bench_time_s": 0.0,
    "total_configs": 2,
    "current_eval": {
        "('10172', '26289', '534823416', 'torch.float16', 'torch.float16')": 2,
        "('8964', '88360', '1584118080', 'torch.float16', 'torch.float16')": 2,
        "('8542', '64990', '1110289160', 'torch.float16', 'torch.float16')": 2,
        "('5980', '1857', '22209720', 'torch.float16', 'torch.float16')": 2,
        "('3308', '67419', '446044104', 'torch.float16', 'torch.float16')": 2,
        "('1717', '78056', '268044304', 'torch.float16', 'torch.float16')": 2,
        "('6738', '32689', '440516964', 'torch.float16', 'torch.float16')": 2,
        "('4530', '24289', '220058340', 'torch.float16', 'torch.float16')": 2,
        "('14492', '21720', '629532480', 'torch.float16', 'torch.float16')": 2,
        "('10597', '7602', '161116788', 'torch.float16', 'torch.float16')": 2
    },
    "keys": [
        "D",
        "num_tokens",
        "n_elements"
    ],
    "cache": {},
    "timings": {
        "('10172', '26289', '534823416', 'torch.float16', 'torch.float16')": [
            {
                "config": "BLOCK_SIZE: 128, num_warps: 8, num_ctas: 1, num_stages: 2, maxnreg: None",
                "runtime": 4.658127307891846,
                "compile_time": 1.7220194339752197
            },
            {
                "config": "BLOCK_SIZE: 1024, num_warps: 1, num_ctas: 1, num_stages: 5, maxnreg: None",
                "runtime": 2.351128339767456,
                "compile_time": 0.33641600608825684
            }
        ],
        "('8964', '88360', '1584118080', 'torch.float16', 'torch.float16')": [
            {
                "config": "BLOCK_SIZE: 128, num_warps: 8, num_ctas: 1, num_stages: 2, maxnreg: None",
                "runtime": 14.585514068603516,
                "compile_time": 0.40598464012145996
            },
            {
                "config": "BLOCK_SIZE: 1024, num_warps: 1, num_ctas: 1, num_stages: 5, maxnreg: None",
                "runtime": 7.195254325866699,
                "compile_time": 0.3353402614593506
            }
        ],
        "('8542', '64990', '1110289160', 'torch.float16', 'torch.float16')": [
            {
                "config": "BLOCK_SIZE: 128, num_warps: 8, num_ctas: 1, num_stages: 2, maxnreg: None",
                "runtime": 9.96750259399414,
                "compile_time": 0.43177080154418945
            },
            {
                "config": "BLOCK_SIZE: 1024, num_warps: 1, num_ctas: 1, num_stages: 5, maxnreg: None",
                "runtime": 5.170660972595215,
                "compile_time": 0.35242223739624023
            }
        ],
        "('5980', '1857', '22209720', 'torch.float16', 'torch.float16')": [
            {
                "config": "BLOCK_SIZE: 128, num_warps: 8, num_ctas: 1, num_stages: 2, maxnreg: None",
                "runtime": 0.14061425626277924,
                "compile_time": 0.4257850646972656
            },
            {
                "config": "BLOCK_SIZE: 1024, num_warps: 1, num_ctas: 1, num_stages: 5, maxnreg: None",
                "runtime": 0.09774015843868256,
                "compile_time": 0.3408622741699219
            }
        ],
        "('3308', '67419', '446044104', 'torch.float16', 'torch.float16')": [
            {
                "config": "BLOCK_SIZE: 128, num_warps: 8, num_ctas: 1, num_stages: 2, maxnreg: None",
                "runtime": 3.7449729442596436,
                "compile_time": 0.438739538192749
            },
            {
                "config": "BLOCK_SIZE: 1024, num_warps: 1, num_ctas: 1, num_stages: 5, maxnreg: None",
                "runtime": 1.9304406642913818,
                "compile_time": 0.3365135192871094
            }
        ],
        "('1717', '78056', '268044304', 'torch.float16', 'torch.float16')": [
            {
                "config": "BLOCK_SIZE: 128, num_warps: 8, num_ctas: 1, num_stages: 2, maxnreg: None",
                "runtime": 2.3876793384552,
                "compile_time": 0.4460904598236084
            },
            {
                "config": "BLOCK_SIZE: 1024, num_warps: 1, num_ctas: 1, num_stages: 5, maxnreg: None",
                "runtime": 1.1560838222503662,
                "compile_time": 0.3863189220428467
            }
        ],
        "('6738', '32689', '440516964', 'torch.float16', 'torch.float16')": [
            {
                "config": "BLOCK_SIZE: 128, num_warps: 8, num_ctas: 1, num_stages: 2, maxnreg: None",
                "runtime": 3.955578327178955,
                "compile_time": 0.4268617630004883
            },
            {
                "config": "BLOCK_SIZE: 1024, num_warps: 1, num_ctas: 1, num_stages: 5, maxnreg: None",
                "runtime": 1.9905933141708374,
                "compile_time": 0.4190807342529297
            }
        ],
        "('4530', '24289', '220058340', 'torch.float16', 'torch.float16')": [
            {
                "config": "BLOCK_SIZE: 128, num_warps: 8, num_ctas: 1, num_stages: 2, maxnreg: None",
                "runtime": 2.050548553466797,
                "compile_time": 0.42889928817749023
            },
            {
                "config": "BLOCK_SIZE: 1024, num_warps: 1, num_ctas: 1, num_stages: 5, maxnreg: None",
                "runtime": 0.9988750219345093,
                "compile_time": 0.3451502323150635
            }
        ],
        "('14492', '21720', '629532480', 'torch.float16', 'torch.float16')": [
            {
                "config": "BLOCK_SIZE: 128, num_warps: 8, num_ctas: 1, num_stages: 2, maxnreg: None",
                "runtime": 5.540683269500732,
                "compile_time": 0.4225003719329834
            },
            {
                "config": "BLOCK_SIZE: 1024, num_warps: 1, num_ctas: 1, num_stages: 5, maxnreg: None",
                "runtime": 2.810060739517212,
                "compile_time": 0.34031176567077637
            }
        ],
        "('10597', '7602', '161116788', 'torch.float16', 'torch.float16')": [
            {
                "config": "BLOCK_SIZE: 128, num_warps: 8, num_ctas: 1, num_stages: 2, maxnreg: None",
                "runtime": 1.3718719482421875,
                "compile_time": 0.4164462089538574
            },
            {
                "config": "BLOCK_SIZE: 1024, num_warps: 1, num_ctas: 1, num_stages: 5, maxnreg: None",
                "runtime": 0.7695441246032715,
                "compile_time": 0.3885188102722168
            }
        ]
    },
    "cuda_graphs": true
}