{
  "incumbent_ids": [
    4
  ],
  "rejected_config_ids": [
    1,
    3,
    2,
    5,
    6,
    7,
    8,
    9,
    10,
    11,
    12,
    13,
    14
  ],
  "incumbents_changed": 3,
  "trajectory": [
    {
      "config_ids": [
        1
      ],
      "costs": [
        Infinity
      ],
      "trial": 1,
      "walltime": 1.2498795986175537
    },
    {
      "config_ids": [
        2
      ],
      "costs": [
        0.4124163091182709
      ],
      "trial": 2,
      "walltime": 7.592751979827881
    },
    {
      "config_ids": [
        4
      ],
      "costs": [
        0.004441674333065748
      ],
      "trial": 4,
      "walltime": 42.573052644729614
    }
  ],
  "state": {
    "queue": [
      [
        15,
        1
      ]
    ]
  }
}