{
  "incumbent_ids": [
    4
  ],
  "rejected_config_ids": [
    1,
    3,
    2,
    5,
    6,
    7,
    8,
    9,
    10,
    11,
    12,
    13,
    14
  ],
  "incumbents_changed": 3,
  "trajectory": [
    {
      "config_ids": [
        1
      ],
      "costs": [
        Infinity
      ],
      "trial": 1,
      "walltime": 1.3173153400421143
    },
    {
      "config_ids": [
        2
      ],
      "costs": [
        0.4662550091743469
      ],
      "trial": 2,
      "walltime": 11.896852970123291
    },
    {
      "config_ids": [
        4
      ],
      "costs": [
        0.008466266095638275
      ],
      "trial": 4,
      "walltime": 76.0679042339325
    }
  ],
  "state": {
    "queue": [
      [
        15,
        1
      ]
    ]
  }
}