{
    "signature": "JITFunction(triton_gemm:matmul_kernel)",
<<<<<<< HEAD:scripts/gemm_data_bao_lhs_10_stop_power_of_two_2/dejavu_0.7/triton_3.2.0/cuda_12.4/gpu_Tesla_V100-PCIE-16GB/matmul_kernel/autotune_config-356e536ec49f15d95d2a2610df8277796c9330d647b924736ed5c106312d4227/code_version-789fa2aba3d1e1670659de1dc96e16e252ac816c5caa831e120ddd57a9614a1b/tune_features-5fe14b37848101e1cf2ba0eee1e261d27fb3b1656e23a90eb767cc97be2b355a/kernel_configs-d12c09470a911b5fbe7ee6e315da235930614725c07a9c20bdc727a684210c8d/default/cache.json
    "total_bench_time_s": 44.187870264053345,
=======
    "total_bench_time_s": 25.745246171951294,
>>>>>>> acddcde9b81356e480165da69d4ce03d94941964:scripts/gemm_data_bao_lhs_10_stop_non_two_2/dejavu_0.7/triton_3.2.0/cuda_12.4/gpu_NVIDIA_A100-SXM4-80GB/matmul_kernel/autotune_config-356e536ec49f15d95d2a2610df8277796c9330d647b924736ed5c106312d4227/code_version-789fa2aba3d1e1670659de1dc96e16e252ac816c5caa831e120ddd57a9614a1b/tune_features-5fe14b37848101e1cf2ba0eee1e261d27fb3b1656e23a90eb767cc97be2b355a/kernel_configs-045a946aa53c3d9c5e6c44706533153210369b42d81ae4b22b576467c4217ae0/default/cache.json
    "total_configs": 10,
    "current_eval": {},
    "keys": [
        "M",
        "N",
        "K"
    ],
    "cache": {
<<<<<<< HEAD:scripts/gemm_data_bao_lhs_10_stop_power_of_two_2/dejavu_0.7/triton_3.2.0/cuda_12.4/gpu_Tesla_V100-PCIE-16GB/matmul_kernel/autotune_config-356e536ec49f15d95d2a2610df8277796c9330d647b924736ed5c106312d4227/code_version-789fa2aba3d1e1670659de1dc96e16e252ac816c5caa831e120ddd57a9614a1b/tune_features-5fe14b37848101e1cf2ba0eee1e261d27fb3b1656e23a90eb767cc97be2b355a/kernel_configs-d12c09470a911b5fbe7ee6e315da235930614725c07a9c20bdc727a684210c8d/default/cache.json
        "('512', '1024', '1', 'torch.float16', 'torch.float16', 'torch.float16')": "BLOCK_SIZE_M: 16, BLOCK_SIZE_N: 32, BLOCK_SIZE_K: 16, GROUP_SIZE_M: 8, num_warps: 1, num_ctas: 1, num_stages: 7, num_buffers_warp_spec: 0, num_consumer_groups: 0, reg_dec_producer: 0, reg_inc_consumer: 0, maxnreg: None"
    },
    "timings": {
        "('512', '1024', '1', 'torch.float16', 'torch.float16', 'torch.float16')": [
            0.0046125855296850204
=======
        "('1', '7041', '798', 'torch.float16', 'torch.float16', 'torch.float16')": "BLOCK_SIZE_M: 16, BLOCK_SIZE_N: 32, BLOCK_SIZE_K: 64, GROUP_SIZE_M: 4, num_warps: 2, num_ctas: 1, num_stages: 5, num_buffers_warp_spec: 0, num_consumer_groups: 0, reg_dec_producer: 0, reg_inc_consumer: 0, maxnreg: None"
    },
    "timings": {
        "('1', '7041', '798', 'torch.float16', 'torch.float16', 'torch.float16')": [
            0.0485917329788208
>>>>>>> acddcde9b81356e480165da69d4ce03d94941964:scripts/gemm_data_bao_lhs_10_stop_non_two_2/dejavu_0.7/triton_3.2.0/cuda_12.4/gpu_NVIDIA_A100-SXM4-80GB/matmul_kernel/autotune_config-356e536ec49f15d95d2a2610df8277796c9330d647b924736ed5c106312d4227/code_version-789fa2aba3d1e1670659de1dc96e16e252ac816c5caa831e120ddd57a9614a1b/tune_features-5fe14b37848101e1cf2ba0eee1e261d27fb3b1656e23a90eb767cc97be2b355a/kernel_configs-045a946aa53c3d9c5e6c44706533153210369b42d81ae4b22b576467c4217ae0/default/cache.json
        ]
    },
    "timings_data": {
        "labels": [
            "ms"
        ],
        "rep_t_ms": 100,
        "warmup_t_ms": 25,
        "cuda_graphs": true
    }
}