{
    "signature": "JITFunction(triton_gemm:matmul_kernel)",
<<<<<<< HEAD:scripts/gemm_data_bao_lhs_10_stop_power_of_two_2/dejavu_0.7/triton_3.2.0/cuda_12.4/gpu_Tesla_V100-PCIE-16GB/matmul_kernel/autotune_config-356e536ec49f15d95d2a2610df8277796c9330d647b924736ed5c106312d4227/code_version-789fa2aba3d1e1670659de1dc96e16e252ac816c5caa831e120ddd57a9614a1b/tune_features-5fe14b37848101e1cf2ba0eee1e261d27fb3b1656e23a90eb767cc97be2b355a/kernel_configs-14d2459107a8a6f97d280feb7879e8cd2f338691b561b75881c4be25ac884d41/default/cache.json
    "total_bench_time_s": 26.2431423664093,
=======
    "total_bench_time_s": 703.9942946434021,
>>>>>>> acddcde9b81356e480165da69d4ce03d94941964:scripts/gemm_data_bao_lhs_10_stop_power_of_two/dejavu_0.7/triton_3.2.0/cuda_12.4/gpu_NVIDIA_A100-SXM4-80GB/matmul_kernel/autotune_config-356e536ec49f15d95d2a2610df8277796c9330d647b924736ed5c106312d4227/code_version-789fa2aba3d1e1670659de1dc96e16e252ac816c5caa831e120ddd57a9614a1b/tune_features-5fe14b37848101e1cf2ba0eee1e261d27fb3b1656e23a90eb767cc97be2b355a/kernel_configs-24910b546fe4fac6bc28d83042eb9cf20d21ca570e42d231a8677f023cc46a92/default/cache.json
    "total_configs": 10,
    "current_eval": {},
    "keys": [
        "M",
        "N",
        "K"
    ],
    "cache": {
<<<<<<< HEAD:scripts/gemm_data_bao_lhs_10_stop_power_of_two_2/dejavu_0.7/triton_3.2.0/cuda_12.4/gpu_Tesla_V100-PCIE-16GB/matmul_kernel/autotune_config-356e536ec49f15d95d2a2610df8277796c9330d647b924736ed5c106312d4227/code_version-789fa2aba3d1e1670659de1dc96e16e252ac816c5caa831e120ddd57a9614a1b/tune_features-5fe14b37848101e1cf2ba0eee1e261d27fb3b1656e23a90eb767cc97be2b355a/kernel_configs-14d2459107a8a6f97d280feb7879e8cd2f338691b561b75881c4be25ac884d41/default/cache.json
        "('8192', '8192', '1', 'torch.float16', 'torch.float16', 'torch.float16')": "BLOCK_SIZE_M: 256, BLOCK_SIZE_N: 256, BLOCK_SIZE_K: 64, GROUP_SIZE_M: 8, num_warps: 4, num_ctas: 1, num_stages: 5, num_buffers_warp_spec: 0, num_consumer_groups: 0, reg_dec_producer: 0, reg_inc_consumer: 0, maxnreg: None"
    },
    "timings": {
        "('8192', '8192', '1', 'torch.float16', 'torch.float16', 'torch.float16')": [
=======
        "('512', '64', '4096', 'torch.float16', 'torch.float16', 'torch.float16')": "BLOCK_SIZE_M: 256, BLOCK_SIZE_N: 32, BLOCK_SIZE_K: 128, GROUP_SIZE_M: 2, num_warps: 2, num_ctas: 1, num_stages: 4, num_buffers_warp_spec: 0, num_consumer_groups: 0, reg_dec_producer: 0, reg_inc_consumer: 0, maxnreg: None"
    },
    "timings": {
        "('512', '64', '4096', 'torch.float16', 'torch.float16', 'torch.float16')": [
>>>>>>> acddcde9b81356e480165da69d4ce03d94941964:scripts/gemm_data_bao_lhs_10_stop_power_of_two/dejavu_0.7/triton_3.2.0/cuda_12.4/gpu_NVIDIA_A100-SXM4-80GB/matmul_kernel/autotune_config-356e536ec49f15d95d2a2610df8277796c9330d647b924736ed5c106312d4227/code_version-789fa2aba3d1e1670659de1dc96e16e252ac816c5caa831e120ddd57a9614a1b/tune_features-5fe14b37848101e1cf2ba0eee1e261d27fb3b1656e23a90eb767cc97be2b355a/kernel_configs-24910b546fe4fac6bc28d83042eb9cf20d21ca570e42d231a8677f023cc46a92/default/cache.json
            NaN
        ]
    },
    "timings_data": {
        "labels": [
            "ms"
        ],
        "rep_t_ms": 100,
        "warmup_t_ms": 25,
        "cuda_graphs": true
    }
}