{
    "signature": "JITFunction(triton_gemm:matmul_kernel)",
<<<<<<< HEAD:scripts/gemm_data_bao_lhs_10_stop_power_of_two/dejavu_0.7/triton_3.2.0/cuda_12.4/gpu_Tesla_V100-PCIE-16GB/matmul_kernel/autotune_config-356e536ec49f15d95d2a2610df8277796c9330d647b924736ed5c106312d4227/code_version-789fa2aba3d1e1670659de1dc96e16e252ac816c5caa831e120ddd57a9614a1b/tune_features-5fe14b37848101e1cf2ba0eee1e261d27fb3b1656e23a90eb767cc97be2b355a/kernel_configs-5c2006469a055c664d51f0b998d5c03e57a09b00132b4f934002ede51f79ce36/default/cache.json
    "total_bench_time_s": 47.77423882484436,
=======
    "total_bench_time_s": 104.80674600601196,
>>>>>>> acddcde9b81356e480165da69d4ce03d94941964:scripts/gemm_data_bao_lhs_10_stop_power_of_two/dejavu_0.7/triton_3.2.0/cuda_12.4/gpu_NVIDIA_A100-SXM4-80GB/matmul_kernel/autotune_config-356e536ec49f15d95d2a2610df8277796c9330d647b924736ed5c106312d4227/code_version-789fa2aba3d1e1670659de1dc96e16e252ac816c5caa831e120ddd57a9614a1b/tune_features-5fe14b37848101e1cf2ba0eee1e261d27fb3b1656e23a90eb767cc97be2b355a/kernel_configs-e472437a78a932b6a1b4784d71dd2df1ad840f49913a98728679bea15586c82c/default/cache.json
    "total_configs": 10,
    "current_eval": {},
    "keys": [
        "M",
        "N",
        "K"
    ],
    "cache": {
<<<<<<< HEAD:scripts/gemm_data_bao_lhs_10_stop_power_of_two/dejavu_0.7/triton_3.2.0/cuda_12.4/gpu_Tesla_V100-PCIE-16GB/matmul_kernel/autotune_config-356e536ec49f15d95d2a2610df8277796c9330d647b924736ed5c106312d4227/code_version-789fa2aba3d1e1670659de1dc96e16e252ac816c5caa831e120ddd57a9614a1b/tune_features-5fe14b37848101e1cf2ba0eee1e261d27fb3b1656e23a90eb767cc97be2b355a/kernel_configs-5c2006469a055c664d51f0b998d5c03e57a09b00132b4f934002ede51f79ce36/default/cache.json
        "('2', '64', '4096', 'torch.float16', 'torch.float16', 'torch.float16')": "BLOCK_SIZE_M: 32, BLOCK_SIZE_N: 16, BLOCK_SIZE_K: 128, GROUP_SIZE_M: 4, num_warps: 2, num_ctas: 1, num_stages: 4, num_buffers_warp_spec: 0, num_consumer_groups: 0, reg_dec_producer: 0, reg_inc_consumer: 0, maxnreg: None"
    },
    "timings": {
        "('2', '64', '4096', 'torch.float16', 'torch.float16', 'torch.float16')": [
            0.030640859156847
=======
        "('1024', '1', '16', 'torch.float16', 'torch.float16', 'torch.float16')": "BLOCK_SIZE_M: 32, BLOCK_SIZE_N: 32, BLOCK_SIZE_K: 32, GROUP_SIZE_M: 16, num_warps: 8, num_ctas: 1, num_stages: 0, num_buffers_warp_spec: 0, num_consumer_groups: 0, reg_dec_producer: 0, reg_inc_consumer: 0, maxnreg: None"
    },
    "timings": {
        "('1024', '1', '16', 'torch.float16', 'torch.float16', 'torch.float16')": [
            0.002487730700522661
>>>>>>> acddcde9b81356e480165da69d4ce03d94941964:scripts/gemm_data_bao_lhs_10_stop_power_of_two/dejavu_0.7/triton_3.2.0/cuda_12.4/gpu_NVIDIA_A100-SXM4-80GB/matmul_kernel/autotune_config-356e536ec49f15d95d2a2610df8277796c9330d647b924736ed5c106312d4227/code_version-789fa2aba3d1e1670659de1dc96e16e252ac816c5caa831e120ddd57a9614a1b/tune_features-5fe14b37848101e1cf2ba0eee1e261d27fb3b1656e23a90eb767cc97be2b355a/kernel_configs-e472437a78a932b6a1b4784d71dd2df1ad840f49913a98728679bea15586c82c/default/cache.json
        ]
    },
    "timings_data": {
        "labels": [
            "ms"
        ],
        "rep_t_ms": 100,
        "warmup_t_ms": 25,
        "cuda_graphs": true
    }
}